[
    {
        "StartDateStr":"2015-10-24",
        "EndDateStr":"9999-12-31",
        "Min6MonthRate":4.35,
        "Min6MonthMax1YearRate":4.35,
        "Min1YearMax3YearRate":4.75,
        "Min3YearMax5YearRate":4.75,
        "Max5YearRate":4.9
    },
    {
        "StartDateStr":"2015-08-26",
        "EndDateStr":"2015-10-24",
        "Min6MonthRate":4.6,
        "Min6MonthMax1YearRate":4.6,
        "Min1YearMax3YearRate":5,
        "Min3YearMax5YearRate":5,
        "Max5YearRate":5.15
    },
    {
        "StartDateStr":"2015-06-28",
        "EndDateStr":"2015-08-26",
        "Min6MonthRate":4.85,
        "Min6MonthMax1YearRate":4.85,
        "Min1YearMax3YearRate":5.25,
        "Min3YearMax5YearRate":5.25,
        "Max5YearRate":5.4
    },
    {
        "StartDateStr":"2015-05-11",
        "EndDateStr":"2015-06-28",
        "Min6MonthRate":5.1,
        "Min6MonthMax1YearRate":5.1,
        "Min1YearMax3YearRate":5.5,
        "Min3YearMax5YearRate":5.5,
        "Max5YearRate":5.65
    },
    {
        "StartDateStr":"2015-03-01",
        "EndDateStr":"2015-05-11",
        "Min6MonthRate":5.35,
        "Min6MonthMax1YearRate":5.35,
        "Min1YearMax3YearRate":5.75,
        "Min3YearMax5YearRate":5.75,
        "Max5YearRate":5.9
    },
    {
        "StartDateStr":"2014-11-22",
        "EndDateStr":"2015-03-01",
        "Min6MonthRate":5.6,
        "Min6MonthMax1YearRate":5.6,
        "Min1YearMax3YearRate":6,
        "Min3YearMax5YearRate":6,
        "Max5YearRate":6.15
    },
    {
        "StartDateStr":"2012-07-06",
        "EndDateStr":"2014-11-22",
        "Min6MonthRate":5.6,
        "Min6MonthMax1YearRate":6,
        "Min1YearMax3YearRate":6.15,
        "Min3YearMax5YearRate":6.4,
        "Max5YearRate":6.55
    },
    {
        "StartDateStr":"2012-06-08",
        "EndDateStr":"2012-07-06",
        "Min6MonthRate":5.85,
        "Min6MonthMax1YearRate":6.31,
        "Min1YearMax3YearRate":6.4,
        "Min3YearMax5YearRate":6.65,
        "Max5YearRate":6.8
    },
    {
        "StartDateStr":"2011-07-07",
        "EndDateStr":"2012-06-08",
        "Min6MonthRate":6.1,
        "Min6MonthMax1YearRate":6.56,
        "Min1YearMax3YearRate":6.65,
        "Min3YearMax5YearRate":6.9,
        "Max5YearRate":7.05
    },
    {
        "StartDateStr":"2011-04-06",
        "EndDateStr":"2011-07-07",
        "Min6MonthRate":5.85,
        "Min6MonthMax1YearRate":6.31,
        "Min1YearMax3YearRate":6.4,
        "Min3YearMax5YearRate":6.65,
        "Max5YearRate":6.8
    },
    {
        "StartDateStr":"2011-02-09",
        "EndDateStr":"2011-04-06",
        "Min6MonthRate":5.6,
        "Min6MonthMax1YearRate":6.06,
        "Min1YearMax3YearRate":6.1,
        "Min3YearMax5YearRate":6.45,
        "Max5YearRate":6.6
    },
    {
        "StartDateStr":"2010-12-26",
        "EndDateStr":"2011-02-09",
        "Min6MonthRate":5.35,
        "Min6MonthMax1YearRate":5.81,
        "Min1YearMax3YearRate":5.85,
        "Min3YearMax5YearRate":6.22,
        "Max5YearRate":6.4
    },
    {
        "StartDateStr":"2010-10-20",
        "EndDateStr":"2010-12-26",
        "Min6MonthRate":5.1,
        "Min6MonthMax1YearRate":5.56,
        "Min1YearMax3YearRate":5.6,
        "Min3YearMax5YearRate":5.96,
        "Max5YearRate":6.14
    },
    {
        "StartDateStr":"2008-12-23",
        "EndDateStr":"2010-10-20",
        "Min6MonthRate":4.86,
        "Min6MonthMax1YearRate":5.31,
        "Min1YearMax3YearRate":5.4,
        "Min3YearMax5YearRate":5.76,
        "Max5YearRate":5.94
    },
    {
        "StartDateStr":"2008-11-27",
        "EndDateStr":"2008-12-23",
        "Min6MonthRate":5.04,
        "Min6MonthMax1YearRate":5.58,
        "Min1YearMax3YearRate":5.67,
        "Min3YearMax5YearRate":5.94,
        "Max5YearRate":6.12
    },
    {
        "StartDateStr":"2008-10-30",
        "EndDateStr":"2008-11-27",
        "Min6MonthRate":6.03,
        "Min6MonthMax1YearRate":6.66,
        "Min1YearMax3YearRate":6.75,
        "Min3YearMax5YearRate":7.02,
        "Max5YearRate":7.2
    },
    {
        "StartDateStr":"2008-10-27",
        "EndDateStr":"2008-10-30",
        "Min6MonthRate":6.12,
        "Min6MonthMax1YearRate":6.93,
        "Min1YearMax3YearRate":7.02,
        "Min3YearMax5YearRate":7.29,
        "Max5YearRate":7.47
    },
    {
        "StartDateStr":"2008-10-09",
        "EndDateStr":"2008-10-27",
        "Min6MonthRate":6.12,
        "Min6MonthMax1YearRate":6.93,
        "Min1YearMax3YearRate":7.02,
        "Min3YearMax5YearRate":7.29,
        "Max5YearRate":7.47
    },
    {
        "StartDateStr":"2008-09-16",
        "EndDateStr":"2008-10-09",
        "Min6MonthRate":6.21,
        "Min6MonthMax1YearRate":7.2,
        "Min1YearMax3YearRate":7.29,
        "Min3YearMax5YearRate":7.56,
        "Max5YearRate":7.74
    },
    {
        "StartDateStr":"2007-12-21",
        "EndDateStr":"2008-09-16",
        "Min6MonthRate":6.57,
        "Min6MonthMax1YearRate":7.47,
        "Min1YearMax3YearRate":7.56,
        "Min3YearMax5YearRate":7.74,
        "Max5YearRate":7.83
    },
    {
        "StartDateStr":"2007-09-15",
        "EndDateStr":"2007-12-21",
        "Min6MonthRate":6.48,
        "Min6MonthMax1YearRate":7.29,
        "Min1YearMax3YearRate":7.47,
        "Min3YearMax5YearRate":7.65,
        "Max5YearRate":7.83
    },
    {
        "StartDateStr":"2007-08-22",
        "EndDateStr":"2007-09-15",
        "Min6MonthRate":6.21,
        "Min6MonthMax1YearRate":7.02,
        "Min1YearMax3YearRate":7.2,
        "Min3YearMax5YearRate":7.38,
        "Max5YearRate":7.56
    },
    {
        "StartDateStr":"2007-07-21",
        "EndDateStr":"2007-08-22",
        "Min6MonthRate":6.03,
        "Min6MonthMax1YearRate":6.84,
        "Min1YearMax3YearRate":7.02,
        "Min3YearMax5YearRate":7.2,
        "Max5YearRate":7.38
    },
    {
        "StartDateStr":"2007-05-19",
        "EndDateStr":"2007-07-21",
        "Min6MonthRate":5.85,
        "Min6MonthMax1YearRate":6.57,
        "Min1YearMax3YearRate":6.75,
        "Min3YearMax5YearRate":6.93,
        "Max5YearRate":7.2
    },
    {
        "StartDateStr":"2007-03-18",
        "EndDateStr":"2007-05-19",
        "Min6MonthRate":5.67,
        "Min6MonthMax1YearRate":6.39,
        "Min1YearMax3YearRate":6.57,
        "Min3YearMax5YearRate":6.75,
        "Max5YearRate":7.11
    },
    {
        "StartDateStr":"2006-08-19",
        "EndDateStr":"2007-03-18",
        "Min6MonthRate":5.58,
        "Min6MonthMax1YearRate":6.12,
        "Min1YearMax3YearRate":6.3,
        "Min3YearMax5YearRate":6.48,
        "Max5YearRate":6.84
    },
    {
        "StartDateStr":"2006-04-28",
        "EndDateStr":"2006-08-19",
        "Min6MonthRate":5.4,
        "Min6MonthMax1YearRate":5.85,
        "Min1YearMax3YearRate":6.03,
        "Min3YearMax5YearRate":6.12,
        "Max5YearRate":6.39
    },
    {
        "StartDateStr":"2005-03-17",
        "EndDateStr":"2006-04-28",
        "Min6MonthRate":5.22,
        "Min6MonthMax1YearRate":5.58,
        "Min1YearMax3YearRate":5.76,
        "Min3YearMax5YearRate":5.85,
        "Max5YearRate":6.12
    },
    {
        "StartDateStr":"2004-10-29",
        "EndDateStr":"2005-03-17",
        "Min6MonthRate":5.22,
        "Min6MonthMax1YearRate":5.58,
        "Min1YearMax3YearRate":5.76,
        "Min3YearMax5YearRate":5.85,
        "Max5YearRate":6.12
    },
    {
        "StartDateStr":"2002-02-21",
        "EndDateStr":"2004-10-29",
        "Min6MonthRate":5.04,
        "Min6MonthMax1YearRate":5.31,
        "Min1YearMax3YearRate":5.49,
        "Min3YearMax5YearRate":5.58,
        "Max5YearRate":5.76
    },
    {
        "StartDateStr":"1999-06-10",
        "EndDateStr":"2002-02-21",
        "Min6MonthRate":5.58,
        "Min6MonthMax1YearRate":5.85,
        "Min1YearMax3YearRate":5.94,
        "Min3YearMax5YearRate":6.03,
        "Max5YearRate":6.21
    },
    {
        "StartDateStr":"1998-12-07",
        "EndDateStr":"1999-06-10",
        "Min6MonthRate":6.12,
        "Min6MonthMax1YearRate":6.39,
        "Min1YearMax3YearRate":6.66,
        "Min3YearMax5YearRate":7.2,
        "Max5YearRate":7.56
    },
    {
        "StartDateStr":"1998-07-01",
        "EndDateStr":"1998-12-07",
        "Min6MonthRate":6.57,
        "Min6MonthMax1YearRate":6.93,
        "Min1YearMax3YearRate":7.11,
        "Min3YearMax5YearRate":7.65,
        "Max5YearRate":8.01
    },
    {
        "StartDateStr":"1998-03-25",
        "EndDateStr":"1998-07-01",
        "Min6MonthRate":7.02,
        "Min6MonthMax1YearRate":7.92,
        "Min1YearMax3YearRate":9,
        "Min3YearMax5YearRate":9.72,
        "Max5YearRate":10.35
    },
    {
        "StartDateStr":"1997-10-23",
        "EndDateStr":"1998-03-25",
        "Min6MonthRate":7.65,
        "Min6MonthMax1YearRate":8.64,
        "Min1YearMax3YearRate":9.36,
        "Min3YearMax5YearRate":9.9,
        "Max5YearRate":10.53
    },
    {
        "StartDateStr":"1996-08-23",
        "EndDateStr":"1997-10-23",
        "Min6MonthRate":9.18,
        "Min6MonthMax1YearRate":10.08,
        "Min1YearMax3YearRate":10.98,
        "Min3YearMax5YearRate":11.7,
        "Max5YearRate":12.42
    },
    {
        "StartDateStr":"1996-05-01",
        "EndDateStr":"1996-08-23",
        "Min6MonthRate":9.72,
        "Min6MonthMax1YearRate":10.98,
        "Min1YearMax3YearRate":13.14,
        "Min3YearMax5YearRate":14.94,
        "Max5YearRate":15.12
    },
    {
        "StartDateStr":"1995-07-01",
        "EndDateStr":"1996-05-01",
        "Min6MonthRate":10.08,
        "Min6MonthMax1YearRate":12.06,
        "Min1YearMax3YearRate":13.5,
        "Min3YearMax5YearRate":15.12,
        "Max5YearRate":15.3
    },
    {
        "StartDateStr":"1995-01-01",
        "EndDateStr":"1995-07-01",
        "Min6MonthRate":9,
        "Min6MonthMax1YearRate":10.98,
        "Min1YearMax3YearRate":12.96,
        "Min3YearMax5YearRate":14.58,
        "Max5YearRate":14.76
    },
    {
        "StartDateStr":"1993-07-11",
        "EndDateStr":"1995-01-01",
        "Min6MonthRate":9,
        "Min6MonthMax1YearRate":10.98,
        "Min1YearMax3YearRate":12.24,
        "Min3YearMax5YearRate":13.86,
        "Max5YearRate":14.04
    },
    {
        "StartDateStr":"1993-05-15",
        "EndDateStr":"1993-07-11",
        "Min6MonthRate":8.82,
        "Min6MonthMax1YearRate":9.36,
        "Min1YearMax3YearRate":10.8,
        "Min3YearMax5YearRate":12.06,
        "Max5YearRate":12.24
    },
    {
        "StartDateStr":"1991-04-21",
        "EndDateStr":"1993-05-15",
        "Min6MonthRate":8.1,
        "Min6MonthMax1YearRate":8.64,
        "Min1YearMax3YearRate":9,
        "Min3YearMax5YearRate":9.54,
        "Max5YearRate":9.72
    },
    {
        "StartDateStr":"1991-03-21",
        "EndDateStr":"1991-04-21",
        "Min6MonthRate":9,
        "Min6MonthMax1YearRate":10.08,
        "Min1YearMax3YearRate":10.8,
        "Min3YearMax5YearRate":11.52,
        "Max5YearRate":11.88
    },
    {
        "StartDateStr":"1990-08-21",
        "EndDateStr":"1991-03-21",
        "Min6MonthRate":8.64,
        "Min6MonthMax1YearRate":9.36,
        "Min1YearMax3YearRate":10.08,
        "Min3YearMax5YearRate":10.8,
        "Max5YearRate":11.16
    },
    {
        "StartDateStr":"1989-02-01",
        "EndDateStr":"1990-08-21",
        "Min6MonthRate":11.34,
        "Min6MonthMax1YearRate":11.34,
        "Min1YearMax3YearRate":12.78,
        "Min3YearMax5YearRate":14.4,
        "Max5YearRate":19.26
    }
]